timestamp,IAQ_Accuracy,IAQ,Gas,eCO2 ppm,bVOCe ppm
2020-07-26 07:30:49,0,25.00,11110,500.000000000000000,0.4999999403953552246093750
2020-07-26 07:30:52,0,25.00,21944,500.000000000000000,0.4999999403953552246093750
2020-07-26 07:30:55,0,25.00,33417,500.000000000000000,0.4999999403953552246093750
2020-07-26 07:30:58,0,25.00,42803,500.000000000000000,0.4999999403953552246093750
2020-07-26 07:31:01,0,25.00,50246,500.000000000000000,0.4999999403953552246093750
2020-07-26 07:31:04,0,25.00,55738,500.000000000000000,0.4999999403953552246093750
2020-07-26 07:33:34,0,25.00,5468,500.000000000000000,0.4999999403953552246093750
2020-07-26 07:33:37,0,25.00,12311,500.000000000000000,0.4999999403953552246093750
2020-07-26 07:33:40,0,25.00,20394,500.000000000000000,0.4999999403953552246093750
2020-07-26 07:33:43,0,25.00,27866,500.000000000000000,0.4999999403953552246093750
2020-07-26 07:33:46,0,25.00,34384,500.000000000000000,0.4999999403953552246093750
2020-07-26 07:33:49,0,25.00,40042,500.000000000000000,0.4999999403953552246093750
2020-07-26 07:33:52,0,25.00,44929,500.000000000000000,0.4999999403953552246093750
2020-07-26 07:33:55,0,25.00,48658,500.000000000000000,0.4999999403953552246093750
2020-07-26 07:33:58,0,25.00,51812,500.000000000000000,0.4999999403953552246093750
2020-07-26 07:34:01,0,25.00,54711,500.000000000000000,0.4999999403953552246093750
2020-07-26 07:34:04,0,25.00,56960,500.000000000000000,0.4999999403953552246093750
2020-07-26 07:34:07,0,25.00,58939,500.000000000000000,0.4999999403953552246093750
2020-07-26 07:34:10,0,25.00,60659,500.000000000000000,0.4999999403953552246093750
2020-07-26 07:34:13,0,25.00,62017,500.000000000000000,0.4999999403953552246093750
2020-07-26 07:34:16,0,25.00,63388,500.000000000000000,0.4999999403953552246093750
2020-07-26 07:34:19,0,25.00,64721,500.000000000000000,0.4999999403953552246093750
2020-07-26 07:34:22,0,25.00,66111,500.000000000000000,0.4999999403953552246093750
2020-07-26 07:34:25,0,25.00,66909,500.000000000000000,0.4999999403953552246093750
2020-07-26 07:34:28,0,25.00,66963,500.000000000000000,0.4999999403953552246093750
2020-07-26 07:34:31,0,25.00,67837,500.000000000000000,0.4999999403953552246093750
2020-07-26 07:34:34,0,25.00,68395,500.000000000000000,0.4999999403953552246093750
2020-07-26 07:34:37,0,25.00,68963,500.000000000000000,0.4999999403953552246093750
2020-07-26 07:34:40,0,25.00,69540,500.000000000000000,0.4999999403953552246093750
2020-07-26 07:34:43,0,25.00,70126,500.000000000000000,0.4999999403953552246093750
2020-07-26 07:34:46,0,25.00,70304,500.000000000000000,0.4999999403953552246093750
2020-07-26 07:34:49,0,25.00,71025,500.000000000000000,0.4999999403953552246093750
2020-07-26 07:34:52,0,25.00,72072,500.000000000000000,0.4999999403953552246093750
2020-07-26 07:34:55,0,25.00,71514,500.000000000000000,0.4999999403953552246093750
2020-07-26 07:34:58,0,25.00,71761,500.000000000000000,0.4999999403953552246093750
2020-07-26 07:35:01,0,25.00,72197,500.000000000000000,0.4999999403953552246093750
2020-07-26 07:35:04,0,25.00,71637,500.000000000000000,0.4999999403953552246093750
2020-07-26 07:35:07,0,25.00,72449,500.000000000000000,0.4999999403953552246093750
2020-07-26 07:35:10,0,25.00,72386,500.000000000000000,0.4999999403953552246093750
2020-07-26 07:35:13,0,25.00,72449,500.000000000000000,0.4999999403953552246093750
2020-07-26 07:35:16,0,25.00,72702,500.000000000000000,0.4999999403953552246093750
2020-07-26 07:35:19,0,25.00,73150,500.000000000000000,0.4999999403953552246093750
2020-07-26 07:35:22,0,25.00,72830,500.000000000000000,0.4999999403953552246093750
2020-07-26 07:35:25,0,25.00,72958,500.000000000000000,0.4999999403953552246093750
2020-07-26 07:35:28,0,25.00,73669,500.000000000000000,0.4999999403953552246093750
2020-07-26 07:35:31,0,25.00,74129,500.000000000000000,0.4999999403953552246093750
2020-07-26 07:35:34,0,25.00,74063,500.000000000000000,0.4999999403953552246093750
2020-07-26 07:35:37,0,25.00,74661,500.000000000000000,0.4999999403953552246093750
2020-07-26 07:35:40,0,25.00,74594,500.000000000000000,0.4999999403953552246093750
2020-07-26 07:35:43,0,25.00,74461,500.000000000000000,0.4999999403953552246093750
2020-07-26 07:35:46,0,25.00,74063,500.000000000000000,0.4999999403953552246093750
2020-07-26 07:35:49,0,25.00,74594,500.000000000000000,0.4999999403953552246093750
2020-07-26 07:35:52,0,25.00,74461,500.000000000000000,0.4999999403953552246093750
2020-07-26 07:35:55,0,25.00,74661,500.000000000000000,0.4999999403953552246093750
2020-07-26 07:35:58,0,25.00,74528,500.000000000000000,0.4999999403953552246093750
2020-07-26 07:36:01,0,25.00,74661,500.000000000000000,0.4999999403953552246093750
2020-07-26 07:36:04,0,25.00,74661,500.000000000000000,0.4999999403953552246093750
2020-07-26 07:36:07,0,25.00,74528,500.000000000000000,0.4999999403953552246093750
2020-07-26 07:36:10,0,25.00,74729,500.000000000000000,0.4999999403953552246093750
2020-07-26 07:36:13,0,25.00,74729,500.000000000000000,0.4999999403953552246093750
2020-07-26 07:36:16,0,25.00,74998,500.000000000000000,0.4999999403953552246093750
2020-07-26 07:36:19,0,25.00,74998,500.000000000000000,0.4999999403953552246093750
2020-07-26 07:36:22,0,25.00,75202,500.000000000000000,0.4999999403953552246093750
2020-07-26 07:36:25,0,25.00,75612,500.000000000000000,0.4999999403953552246093750
2020-07-26 07:36:28,0,25.00,75066,500.000000000000000,0.4999999403953552246093750
2020-07-26 07:36:31,0,25.00,74931,500.000000000000000,0.4999999403953552246093750
2020-07-26 07:36:34,0,25.00,75134,500.000000000000000,0.4999999403953552246093750
2020-07-26 07:36:37,0,25.00,75543,500.000000000000000,0.4999999403953552246093750
2020-07-26 07:36:40,0,25.00,75406,500.000000000000000,0.4999999403953552246093750
2020-07-26 07:36:43,0,25.00,75543,500.000000000000000,0.4999999403953552246093750
2020-07-26 07:36:46,0,25.00,75543,500.000000000000000,0.4999999403953552246093750
2020-07-26 07:36:49,0,25.00,76658,500.000000000000000,0.4999999403953552246093750
2020-07-26 07:36:52,0,25.00,75681,500.000000000000000,0.4999999403953552246093750
2020-07-26 07:36:55,0,25.00,75134,500.000000000000000,0.4999999403953552246093750
2020-07-26 07:36:58,0,25.00,75406,500.000000000000000,0.4999999403953552246093750
2020-07-26 07:37:01,0,25.00,75134,500.000000000000000,0.4999999403953552246093750
2020-07-26 07:37:04,0,25.00,75543,500.000000000000000,0.4999999403953552246093750
2020-07-26 07:37:07,0,25.00,75888,500.000000000000000,0.4999999403953552246093750
2020-07-26 07:37:10,0,25.00,75270,500.000000000000000,0.4999999403953552246093750
2020-07-26 07:37:13,0,25.00,75338,500.000000000000000,0.4999999403953552246093750
2020-07-26 07:37:16,0,25.00,75475,500.000000000000000,0.4999999403953552246093750
2020-07-26 07:37:19,0,25.00,75202,500.000000000000000,0.4999999403953552246093750
2020-07-26 07:37:22,0,25.00,75819,500.000000000000000,0.4999999403953552246093750
2020-07-26 07:37:25,0,25.00,74998,500.000000000000000,0.4999999403953552246093750
2020-07-26 07:37:28,0,25.00,75681,500.000000000000000,0.4999999403953552246093750
2020-07-26 07:37:31,0,25.00,75338,500.000000000000000,0.4999999403953552246093750
2020-07-26 07:37:34,0,25.00,75750,500.000000000000000,0.4999999403953552246093750
2020-07-26 07:37:37,0,25.00,74863,500.000000000000000,0.4999999403953552246093750
2020-07-26 07:37:40,0,25.00,76166,500.000000000000000,0.4999999403953552246093750
2020-07-26 07:37:43,0,25.00,75681,500.000000000000000,0.4999999403953552246093750
2020-07-26 07:37:46,0,25.00,75543,500.000000000000000,0.4999999403953552246093750
2020-07-26 07:37:49,0,25.00,75066,500.000000000000000,0.4999999403953552246093750
2020-07-26 07:37:52,0,25.00,75543,500.000000000000000,0.4999999403953552246093750
2020-07-26 07:37:55,0,25.00,75681,500.000000000000000,0.4999999403953552246093750
2020-07-26 07:37:58,0,25.00,75888,500.000000000000000,0.4999999403953552246093750
2020-07-26 07:38:01,0,25.00,75750,500.000000000000000,0.4999999403953552246093750
2020-07-26 07:38:04,0,25.00,74931,500.000000000000000,0.4999999403953552246093750
2020-07-26 07:38:07,0,25.00,75750,500.000000000000000,0.4999999403953552246093750
2020-07-26 07:38:10,0,25.00,75134,500.000000000000000,0.4999999403953552246093750
2020-07-26 07:38:13,0,25.00,75543,500.000000000000000,0.4999999403953552246093750
2020-07-26 07:38:16,0,25.00,75066,500.000000000000000,0.4999999403953552246093750
2020-07-26 07:38:19,0,25.00,74594,500.000000000000000,0.4999999403953552246093750
2020-07-26 07:38:22,0,25.00,75612,500.000000000000000,0.4999999403953552246093750
2020-07-26 07:38:25,0,25.00,74729,500.000000000000000,0.4999999403953552246093750
2020-07-26 07:38:28,0,25.00,74998,500.000000000000000,0.4999999403953552246093750
2020-07-26 07:38:31,0,25.00,74328,500.000000000000000,0.4999999403953552246093750
2020-07-26 07:38:34,0,25.00,74863,500.000000000000000,0.4999999403953552246093750
2020-07-26 07:38:37,1,25.00,75202,500.000000000000000,0.4999999403953552246093750
2020-07-26 07:38:40,1,24.53,75338,499.185180664062500,0.4984626471996307373046875
2020-07-26 07:38:43,1,25.41,74863,500.724029541015625,0.5013698935508728027343750
2020-07-26 07:38:46,1,25.97,74863,501.698272705078125,0.5032192468643188476562500
2020-07-26 07:38:49,1,25.00,75406,500.000000000000000,0.4999999403953552246093750
2020-07-26 07:38:52,1,24.60,75475,499.302520751953125,0.4986837506294250488281250
2020-07-26 07:38:55,1,25.00,75134,500.000000000000000,0.4999999403953552246093750
2020-07-26 07:38:58,1,28.97,74328,506.928192138671875,0.5132640004158020019531250
2020-07-26 07:39:01,1,32.92,74063,513.838623046875000,0.5268446803092956542968750
2020-07-26 07:39:04,1,33.35,74528,514.589233398437500,0.5283412337303161621093750
2020-07-26 07:39:07,1,32.94,74661,513.869628906250000,0.5269063711166381835937500
2020-07-26 07:39:10,1,29.66,75270,508.141540527343750,0.5156229734420776367187500
2020-07-26 07:39:13,1,33.45,73997,514.766418457031250,0.5286950469017028808593750
2020-07-26 07:39:16,1,36.32,73931,519.779296875000000,0.5388063192367553710937500
2020-07-26 07:39:19,1,37.27,74129,521.431091308593750,0.5421801805496215820312500
2020-07-26 07:39:22,1,38.53,73997,523.636413574218750,0.5467177033424377441406250
2020-07-26 07:39:25,1,39.97,73865,526.153930664062500,0.5519440174102783203125000
2020-07-26 07:39:28,1,38.68,74328,523.906555175781250,0.5472760796546936035156250
2020-07-26 07:39:31,1,38.72,74129,523.981811523437500,0.5474318265914916992187500
2020-07-26 07:39:34,1,42.87,73279,531.228881835937500,0.5626316666603088378906250
2020-07-26 07:39:37,1,42.16,73997,529.984497070312500,0.5599920749664306640625000
2020-07-26 07:39:40,1,43.22,73669,531.837768554687500,0.5639278292655944824218750
2020-07-26 07:39:43,1,45.49,73344,535.801147460937500,0.5724379420280456542968750
2020-07-26 07:39:46,1,44.46,73865,534.003234863281250,0.5685617327690124511718750
2020-07-26 07:39:49,1,47.87,73022,539.954956054687500,0.5814948678016662597656250
2020-07-26 07:39:52,1,46.05,73865,536.786499023437500,0.5745735168457031250000000
2020-07-26 07:39:55,1,49.55,72894,542.888793945312500,0.5879778265953063964843750
2020-07-26 07:39:58,1,47.82,73734,539.870849609375000,0.5813099741935729980468750
2020-07-26 07:40:01,1,47.26,73604,538.889953613281250,0.5791591405868530273437500
2020-07-26 07:40:04,1,46.52,73669,537.601318359375000,0.5763455033302307128906250
2020-07-26 07:40:07,1,45.06,73865,535.046142578125000,0.5708069205284118652343750
2020-07-26 07:40:10,1,45.31,73604,535.495605468750000,0.5717773437500000000000000
2020-07-26 07:40:13,1,46.12,73474,536.906005859375000,0.5748331546783447265625000
2020-07-26 07:40:16,1,48.26,73150,540.641357421875000,0.5830051898956298828125000
2020-07-26 07:40:19,1,50.03,73086,543.741210937500000,0.5898751020431518554687500
2020-07-26 07:40:22,1,49.65,73409,543.076965332031250,0.5883961319923400878906250
2020-07-26 07:40:25,1,50.64,73150,544.801818847656250,0.5922440886497497558593750
2020-07-26 07:40:28,1,48.78,73669,541.544738769531250,0.5849989652633666992187500
2020-07-26 07:40:31,1,45.56,74063,535.916259765625000,0.5726870894432067871093750
2020-07-26 07:40:34,1,45.25,73669,535.380493164062500,0.5715286135673522949218750
2020-07-26 07:40:37,1,46.95,73279,538.345275878906250,0.5779681801795959472656250
2020-07-26 07:40:40,1,46.83,73539,538.150390625000000,0.5775427818298339843750000
2020-07-26 07:40:43,1,48.05,73279,540.273803710937500,0.5821959376335144042968750
2020-07-26 07:40:46,1,52.01,72639,547.186523437500000,0.5976055264472961425781250
2020-07-26 07:40:49,1,51.57,73279,546.427001953125000,0.5958927869796752929687500
2020-07-26 07:40:52,1,51.26,73279,545.891235351562500,0.5946873426437377929687500
2020-07-26 07:40:55,1,53.20,72830,549.276672363281250,0.6023446917533874511718750
2020-07-26 07:40:58,1,51.67,73409,546.593078613281250,0.5962668657302856445312500
2020-07-26 07:41:01,1,77.16,68171,591.133666992187500,0.7055741548538208007812500
2020-07-26 07:41:04,1,103.64,66481,637.403442382812500,0.8403937220573425292968750
2020-07-26 07:41:07,1,112.49,68227,652.871765136718750,0.8909844160079956054687500
2020-07-26 07:41:10,1,116.15,68678,659.264099121093750,0.9127702713012695312500000
2020-07-26 07:41:13,1,119.76,68452,665.578979492187500,0.9348152279853820800781250
2020-07-26 07:41:16,1,123.95,68115,682.242126464843750,0.9610283374786376953125000
2020-07-26 07:41:19,1,158.07,62389,831.273315429687500,1.2038570642471313476562500
2020-07-26 07:41:22,1,165.58,65229,864.082031250000000,1.2650676965713500976562500
2020-07-26 07:41:25,1,160.93,67017,843.778015136718750,1.2268295288085937500000000
2020-07-26 07:41:28,1,154.96,67507,817.705993652343750,1.1794185638427734375000000
2020-07-26 07:41:31,1,147.52,68115,785.218383789062500,1.1228970289230346679687500
2020-07-26 07:41:34,1,156.97,65383,826.496276855468750,1.1951951980590820312500000
2020-07-26 07:41:37,1,164.09,65229,857.583496093750000,1.2527012825012207031250000
2020-07-26 07:41:40,1,161.96,66481,848.289306640625000,1.2352246046066284179687500
2020-07-26 07:41:43,1,156.89,67125,826.119873046875000,1.1945151090621948242187500
2020-07-26 07:41:46,1,149.45,67837,793.648803710937500,1.1372987031936645507812500
2020-07-26 07:41:49,1,233.70,52732,1161.657470703125000,1.9836795330047607421875000
2020-07-26 07:41:52,1,250.00,57631,1275.599487304687500,2.3565371036529541015625000
2020-07-26 07:41:55,1,245.24,61376,1253.878295898437500,2.2804174423217773437500000
2020-07-26 07:41:58,1,230.75,63340,1187.773681640625000,2.0635588169097900390625000
2020-07-26 07:42:01,1,212.98,64721,1106.784423828125000,1.8257762193679809570312500
2020-07-26 07:42:04,1,195.88,65589,1028.806396484375000,1.6227629184722900390625000
2020-07-26 07:42:07,1,199.36,62624,1044.654418945312500,1.6621080636978149414062500
2020-07-26 07:42:10,1,195.47,63729,1026.896606445312500,1.6180849075317382812500000
2020-07-26 07:42:13,1,185.74,64974,982.518859863281250,1.5130991935729980468750000
2020-07-26 07:42:16,1,173.57,65953,927.036865234375000,1.3913730382919311523437500
2020-07-26 07:42:19,1,168.82,65178,905.360046386718750,1.3465198278427124023437500
2020-07-26 07:42:22,1,163.88,65434,882.819580078125000,1.3014125823974609375000000
2020-07-26 07:42:25,1,155.82,66269,846.058593750000000,1.2310662269592285156250000
2020-07-26 07:42:28,1,146.13,67017,801.902160644531250,1.1515766382217407226562500
2020-07-26 07:42:31,1,139.24,67017,770.482910156250000,1.0981613397598266601562500
2020-07-26 07:42:34,1,155.67,62909,845.327880859375000,1.2297072410583496093750000
2020-07-26 07:42:37,1,158.38,64470,857.677551269531250,1.2528793811798095703125000
2020-07-26 07:42:40,1,152.74,65849,831.959777832031250,1.2051069736480712890625000
2020-07-26 07:42:43,1,141.32,67288,779.898742675781250,1.1139035224914550781250000
2020-07-26 07:42:46,1,128.61,68227,722.003295898437500,1.0205619335174560546875000
2020-07-26 07:42:49,1,119.55,68283,680.692138671875000,0.9587792754173278808593750
2020-07-26 07:42:52,1,107.95,69366,651.142456054687500,0.8851807117462158203125000
2020-07-26 07:42:55,1,100.94,69192,638.362182617187500,0.8434441685676574707031250
2020-07-26 07:42:58,1,201.64,50892,1054.529663085937500,1.6871058940887451171875000
2020-07-26 07:43:01,1,256.20,52900,1309.919311523437500,2.4820194244384765625000000
2020-07-26 07:43:04,1,243.86,61376,1253.330200195312500,2.2785291671752929687500000
2020-07-26 07:43:07,1,211.10,65901,1103.125488281250000,1.8157055377960205078125000
2020-07-26 07:43:10,1,175.36,68508,939.237060546875000,1.4172711372375488281250000
2020-07-26 07:43:13,1,144.66,69773,798.486816406250000,1.1456464529037475585937500
2020-07-26 07:43:16,1,119.68,70603,683.996887207031250,0.9635809063911437988281250
2020-07-26 07:43:19,1,97.75,71637,633.378051757812500,0.8277060985565185546875000
2020-07-26 07:43:22,1,75.78,73150,593.102050781250000,0.7108423709869384765625000
2020-07-26 07:43:25,1,60.97,73150,565.947265625000000,0.6415133476257324218750000
2020-07-26 07:43:28,1,49.32,73539,544.587036132812500,0.5917635560035705566406250
2020-07-26 07:43:31,1,39.86,73931,527.245544433593750,0.5542256236076354980468750
2020-07-26 07:43:34,1,31.25,74461,511.456176757812500,0.5221224427223205566406250
2020-07-26 07:43:37,1,25.00,74661,500.000000000000000,0.4999999403953552246093750
2020-07-26 07:43:40,1,19.09,75406,489.092926025390625,0.4798094034194946289062500
2020-07-26 07:43:43,1,14.75,75681,480.951354980468750,0.4652715027332305908203125
2020-07-26 07:43:46,1,11.19,76027,474.167114257812500,0.4534942805767059326171875
2020-07-26 07:43:49,1,7.54,76517,467.132629394531250,0.4415974020957946777343750
2020-07-26 07:43:52,1,4.80,76800,461.738891601562500,0.4326871931552886962890625
2020-07-26 07:43:55,1,2.61,77085,457.323791503906250,0.4255276620388031005859375
2020-07-26 07:43:58,1,0.16,77516,452.368469238281250,0.4176330566406250000000000
2020-07-26 07:44:01,1,0.00,77733,448.923187255859375,0.4122307002544403076171875
2020-07-26 07:44:04,1,0.00,78099,445.307434082031250,0.4066361188888549804687500
2020-07-26 07:44:07,1,0.00,78616,440.387512207031250,0.3991454243659973144531250
2020-07-26 07:44:10,1,0.00,78989,435.655792236328125,0.3920714855194091796875000
2020-07-26 07:44:13,1,0.00,79366,431.138854980468750,0.3854356408119201660156250
2020-07-26 07:44:16,1,0.00,79215,430.937347412109375,0.3851422369480133056640625
2020-07-26 07:44:19,1,0.00,79518,430.080474853515625,0.3838970661163330078125000
2020-07-26 07:44:22,1,0.00,80131,426.356201171875000,0.3785318136215209960937500
2020-07-26 07:44:25,1,0.00,80597,421.843688964843750,0.3721313178539276123046875
2020-07-26 07:44:28,1,0.00,80833,418.575561523437500,0.3675635159015655517578125
2020-07-26 07:44:31,1,0.00,80911,417.342254638671875,0.3658543825149536132812500
2020-07-26 07:44:34,1,0.00,81387,414.446105957031250,0.3618719875812530517578125
2020-07-26 07:44:37,1,0.00,81466,413.420928955078125,0.3604727089405059814453125
2020-07-26 07:44:40,1,0.00,81707,412.504272460937500,0.3592261373996734619140625
2020-07-26 07:44:43,1,0.00,82191,409.663452148437500,0.3553902506828308105468750
2020-07-26 07:44:46,1,0.00,82273,408.613952636718750,0.3539834320545196533203125
2020-07-26 07:44:49,1,0.00,82518,407.597625732421875,0.3526265025138854980468750
2020-07-26 07:44:52,1,0.00,82682,407.121582031250000,0.3519926667213439941406250
2020-07-26 07:44:55,1,0.00,82929,406.388671875000000,0.3510191142559051513671875
2020-07-26 07:44:58,1,0.00,83095,406.091979980468750,0.3506257236003875732421875
2020-07-26 07:45:01,1,0.00,83765,402.288024902343750,0.3456213474273681640625000
2020-07-26 07:45:04,1,0.00,84019,400.000000000000000,0.3426457643508911132812500
2020-07-26 07:45:07,1,0.00,84790,400.000000000000000,0.3426457643508911132812500
2020-07-26 07:45:10,1,0.00,84104,400.000000000000000,0.3426457643508911132812500
2020-07-26 07:45:13,1,0.00,84618,400.000000000000000,0.3426457643508911132812500
2020-07-26 07:45:16,1,0.00,85051,400.000000000000000,0.3426457643508911132812500
2020-07-26 07:45:19,1,0.00,85051,400.000000000000000,0.3426457643508911132812500
2020-07-26 07:45:22,1,0.00,85664,400.000000000000000,0.3426457643508911132812500
2020-07-26 07:45:25,1,0.00,85752,400.000000000000000,0.3426457643508911132812500
2020-07-26 07:45:28,2,0.00,86108,400.000000000000000,0.3426457643508911132812500
2020-07-26 07:45:31,2,0.00,86556,400.000000000000000,0.3426457643508911132812500
2020-07-26 07:45:34,2,0.00,86556,400.000000000000000,0.3426457643508911132812500
2020-07-26 07:45:37,2,0.00,86556,400.000000000000000,0.3426457643508911132812500
2020-07-26 07:45:40,2,0.00,87467,400.000000000000000,0.3426457643508911132812500
2020-07-26 07:45:43,2,0.00,87192,400.000000000000000,0.3426457643508911132812500
2020-07-26 07:45:46,2,0.00,87192,400.000000000000000,0.3426457643508911132812500
2020-07-26 07:45:49,2,0.00,87559,400.000000000000000,0.3426457643508911132812500
2020-07-26 07:45:52,2,0.00,88303,400.000000000000000,0.3426457643508911132812500
2020-07-26 07:45:55,2,0.00,88209,400.000000000000000,0.3426457643508911132812500
2020-07-26 07:45:58,2,0.00,88585,400.000000000000000,0.3426457643508911132812500
2020-07-26 07:46:01,2,0.00,88965,400.000000000000000,0.3426457643508911132812500
2020-07-26 07:46:04,2,0.00,88870,400.000000000000000,0.3426457643508911132812500
2020-07-26 07:46:07,2,0.00,89443,400.000000000000000,0.3426457643508911132812500
2020-07-26 07:46:10,2,0.00,89251,400.000000000000000,0.3426457643508911132812500
2020-07-26 07:46:13,2,0.00,89443,400.000000000000000,0.3426457643508911132812500
2020-07-26 07:46:16,2,0.00,89733,400.000000000000000,0.3426457643508911132812500
2020-07-26 07:46:19,2,0.00,90416,400.000000000000000,0.3426457643508911132812500
2020-07-26 07:46:22,2,0.00,90122,400.000000000000000,0.3426457643508911132812500
2020-07-26 07:46:25,2,0.00,90416,400.000000000000000,0.3426457643508911132812500
2020-07-26 07:46:28,2,0.00,90613,400.000000000000000,0.3426457643508911132812500
2020-07-26 07:46:31,2,0.00,90911,400.000000000000000,0.3426457643508911132812500
2020-07-26 07:46:34,2,0.00,90911,400.000000000000000,0.3426457643508911132812500
2020-07-26 07:46:37,2,0.00,91310,400.000000000000000,0.3426457643508911132812500
2020-07-26 07:46:40,2,0.00,91210,400.000000000000000,0.3426457643508911132812500
2020-07-26 07:46:43,2,0.00,91210,400.000000000000000,0.3426457643508911132812500
2020-07-26 07:46:46,2,0.00,92120,400.000000000000000,0.3426457643508911132812500
2020-07-26 07:46:49,2,0.00,91814,400.000000000000000,0.3426457643508911132812500
2020-07-26 07:46:52,2,0.00,91916,400.000000000000000,0.3426457643508911132812500
2020-07-26 07:46:55,2,0.00,92018,400.000000000000000,0.3426457643508911132812500
2020-07-26 07:46:58,2,0.00,92120,400.000000000000000,0.3426457643508911132812500
2020-07-26 07:47:01,2,0.00,92120,400.000000000000000,0.3426457643508911132812500
2020-07-26 07:47:04,2,0.00,92427,400.000000000000000,0.3426457643508911132812500
2020-07-26 07:47:07,2,0.00,92324,400.000000000000000,0.3426457643508911132812500
2020-07-26 07:47:10,2,0.00,92736,400.000000000000000,0.3426457643508911132812500
2020-07-26 07:47:13,2,0.00,92736,400.000000000000000,0.3426457643508911132812500
2020-07-26 07:47:16,2,0.00,92840,400.000000000000000,0.3426457643508911132812500
2020-07-26 07:47:19,2,0.00,92944,400.000000000000000,0.3426457643508911132812500
2020-07-26 07:47:22,2,0.00,93571,400.000000000000000,0.3426457643508911132812500
2020-07-26 07:47:25,2,0.00,93256,400.000000000000000,0.3426457643508911132812500
2020-07-26 07:47:28,2,0.00,93571,400.000000000000000,0.3426457643508911132812500
2020-07-26 07:47:31,2,0.00,93571,400.000000000000000,0.3426457643508911132812500
2020-07-26 07:47:34,2,0.00,93361,400.000000000000000,0.3426457643508911132812500
2020-07-26 07:47:37,2,0.00,93677,400.000000000000000,0.3426457643508911132812500
2020-07-26 07:47:40,2,0.00,93571,400.000000000000000,0.3426457643508911132812500
2020-07-26 07:47:43,2,0.00,93888,400.000000000000000,0.3426457643508911132812500
2020-07-26 07:47:46,2,0.00,93995,400.000000000000000,0.3426457643508911132812500
2020-07-26 07:47:49,2,0.00,94422,400.000000000000000,0.3426457643508911132812500
2020-07-26 07:47:52,2,0.00,93782,400.000000000000000,0.3426457643508911132812500
2020-07-26 07:47:55,2,0.00,93888,400.000000000000000,0.3426457643508911132812500
2020-07-26 07:47:58,2,0.00,94314,400.000000000000000,0.3426457643508911132812500
2020-07-26 07:48:01,2,0.00,94744,400.000000000000000,0.3426457643508911132812500
2020-07-26 07:48:04,2,0.00,94853,400.000000000000000,0.3426457643508911132812500
2020-07-26 07:48:07,2,0.00,95070,400.000000000000000,0.3426457643508911132812500
2020-07-26 07:48:10,2,0.00,94853,400.000000000000000,0.3426457643508911132812500
2020-07-26 07:48:13,2,0.00,95506,400.000000000000000,0.3426457643508911132812500
2020-07-26 07:48:16,2,0.00,95287,400.000000000000000,0.3426457643508911132812500
2020-07-26 07:48:19,2,0.00,95506,400.000000000000000,0.3426457643508911132812500
2020-07-26 07:48:22,2,0.00,95178,400.000000000000000,0.3426457643508911132812500
2020-07-26 07:48:25,2,0.00,95287,400.000000000000000,0.3426457643508911132812500
2020-07-26 07:48:28,2,0.00,95726,400.000000000000000,0.3426457643508911132812500
2020-07-26 07:48:31,2,0.00,95726,400.000000000000000,0.3426457643508911132812500
2020-07-26 07:48:34,2,0.00,94837,400.000000000000000,0.3426457643508911132812500
2020-07-26 07:48:37,2,0.00,95616,400.000000000000000,0.3426457643508911132812500
2020-07-26 07:48:40,2,0.00,95837,400.000000000000000,0.3426457643508911132812500
2020-07-26 07:48:43,2,0.00,94837,400.000000000000000,0.3426457643508911132812500
2020-07-26 07:48:46,2,0.00,96058,400.000000000000000,0.3426457643508911132812500
2020-07-26 07:48:49,2,0.00,94946,400.000000000000000,0.3426457643508911132812500
2020-07-26 07:48:52,2,0.00,95327,400.000000000000000,0.3426457643508911132812500
2020-07-26 07:48:55,2,0.00,95272,400.000000000000000,0.3426457643508911132812500
2020-07-26 07:48:58,2,0.00,95163,401.083496093750000,0.3440516591072082519531250
2020-07-26 07:49:01,2,0.00,94892,406.570251464843750,0.3512600362300872802734375
2020-07-26 07:49:04,2,0.00,95601,406.680969238281250,0.3514070510864257812500000
2020-07-26 07:49:07,2,0.00,95932,405.511871337890625,0.3498578965663909912109375
2020-07-26 07:49:10,2,0.00,95436,408.928344726562500,0.3544043004512786865234375
2020-07-26 07:49:13,2,0.00,95546,411.549957275390625,0.3579329252243041992187500
2020-07-26 07:49:16,2,0.00,96098,410.684204101562500,0.3567637801170349121093750
2020-07-26 07:49:19,2,0.00,95546,414.638732910156250,0.3621355295181274414062500
2020-07-26 07:49:22,2,0.00,95601,417.880310058593750,0.3665990531444549560546875
2020-07-26 07:49:25,2,0.00,96713,413.854919433593750,0.3610644042491912841796875
2020-07-26 07:49:28,2,0.00,96826,411.304168701171875,0.3576006293296813964843750
2020-07-26 07:49:31,2,0.00,96209,414.470458984375000,0.3619053065776824951171875
2020-07-26 07:49:34,2,0.00,96433,416.159881591796875,0.3642232716083526611328125
2020-07-26 07:49:37,2,0.00,96489,417.902465820312500,0.3666297197341918945312500
2020-07-26 07:49:40,2,0.00,96995,416.691284179687500,0.3649554550647735595703125
2020-07-26 07:49:43,2,1.05,96265,421.442932128906250,0.3715681433677673339843750
2020-07-26 07:49:46,2,2.08,96433,424.542785644531250,0.3759465515613555908203125
2020-07-26 07:49:49,2,2.52,96713,425.725158691406250,0.3776301443576812744140625
2020-07-26 07:49:52,2,3.56,96489,428.911376953125000,0.3822047114372253417968750
2020-07-26 07:49:55,2,4.22,96657,430.839935302734375,0.3850004673004150390625000
2020-07-26 07:49:58,2,4.28,96995,430.815582275390625,0.3849650323390960693359375
2020-07-26 07:50:01,2,4.93,96826,432.752990722656250,0.3877939581871032714843750
2020-07-26 07:50:04,2,5.10,97109,433.078491210937500,0.3882712721824645996093750
2020-07-26 07:50:07,2,5.37,97165,433.751586914062500,0.3892602026462554931640625
2020-07-26 07:50:10,2,6.37,96882,436.922302246093750,0.3939525783061981201171875
2020-07-26 07:50:13,2,6.33,97393,436.559173583984375,0.3934123218059539794921875
2020-07-26 07:50:16,2,7.64,96826,440.797119140625000,0.3997638225555419921875000
2020-07-26 07:50:19,2,8.97,96713,445.159057617187500,0.4064082205295562744140625
2020-07-26 07:50:22,2,9.26,97165,445.942901611328125,0.4076138436794281005859375
2020-07-26 07:50:25,2,9.88,97052,447.915710449218750,0.4106641709804534912109375
2020-07-26 07:50:28,2,11.79,96377,454.314727783203125,0.4207161366939544677734375
2020-07-26 07:50:31,2,12.35,96882,456.119293212890625,0.4235950708389282226562500
2020-07-26 07:50:34,2,13.44,96601,459.739471435546875,0.4294301271438598632812500
2020-07-26 07:50:37,2,14.55,96489,463.512451171875000,0.4355970323085784912109375
2020-07-26 07:50:40,2,16.62,95877,470.611114501953125,0.4474407732486724853515625
2020-07-26 07:50:43,2,18.07,95932,475.635101318359375,0.4560171365737915039062500
2020-07-26 07:50:46,2,19.41,95821,480.264953613281250,0.4640661478042602539062500
2020-07-26 07:50:49,2,22.07,94946,489.635406494140625,0.4807940721511840820312500
2020-07-26 07:50:52,2,23.30,95327,493.977416992187500,0.4887484908103942871093750
2020-07-26 07:50:55,2,24.96,94946,499.867156982421875,0.4997489452362060546875000
2020-07-26 07:50:58,2,26.25,94514,504.437225341796875,0.5084549784660339355468750
2020-07-26 07:51:01,2,25.36,95397,501.275360107421875,0.5024156570434570312500000
2020-07-26 07:51:04,2,25.00,95287,500.000000000000000,0.4999999403953552246093750
2020-07-26 07:51:07,2,25.00,95178,500.000000000000000,0.4999999403953552246093750
2020-07-26 07:51:10,2,25.00,95070,500.000000000000000,0.4999999403953552246093750
2020-07-26 07:51:13,2,25.00,95070,500.000000000000000,0.4999999403953552246093750
2020-07-26 07:51:16,2,25.47,94637,501.669494628906250,0.5031644701957702636718750
2020-07-26 07:51:19,2,26.82,93995,506.525207519531250,0.5124829411506652832031250
2020-07-26 07:51:22,2,28.22,93677,511.515991210937500,0.5222404003143310546875000
2020-07-26 07:51:25,2,29.43,93466,515.844726562500000,0.5308538675308227539062500
2020-07-26 07:51:28,2,31.48,92736,523.175903320312500,0.5457670092582702636718750
2020-07-26 07:51:31,2,33.12,92530,529.061157226562500,0.5580415129661560058593750
2020-07-26 07:51:34,2,33.53,92840,530.522521972656250,0.5611318349838256835937500
2020-07-26 07:51:37,2,35.43,91916,537.297973632812500,0.5756851434707641601562500
2020-07-26 07:51:40,2,36.98,91713,542.857788085937500,0.5879089236259460449218750
2020-07-26 07:51:43,2,37.13,92120,543.389160156250000,0.5890907645225524902343750
2020-07-26 07:51:46,2,39.21,91010,550.835449218750000,0.6059035062789916992187500
2020-07-26 07:51:49,2,40.90,90811,556.855834960937500,0.6198467612266540527343750
2020-07-26 07:51:52,2,41.15,91210,557.748168945312500,0.6219405531883239746093750
2020-07-26 07:51:55,2,42.91,90318,564.065246582031250,0.6369667649269104003906250
2020-07-26 07:51:58,2,43.43,90613,565.905212402343750,0.6414113044738769531250000
2020-07-26 07:52:01,2,44.43,90220,569.492187500000000,0.6501652002334594726562500
2020-07-26 07:52:04,2,45.76,89830,574.230590820312500,0.6619124412536621093750000
2020-07-26 07:52:07,2,46.92,89636,578.382141113281250,0.6723792552947998046875000
2020-07-26 07:52:10,2,48.92,88965,585.516235351562500,0.6907535791397094726562500
2020-07-26 07:52:13,3,49.63,89251,588.051513671875000,0.6974034309387207031250000
2020-07-26 07:52:16,3,50.56,88965,591.386047363281250,0.7062475085258483886718750
2020-07-26 07:52:19,3,51.46,88775,594.594421386718750,0.7148627042770385742187500
2020-07-26 07:52:22,3,52.71,88397,599.056030273437500,0.7270180583000183105468750
2020-07-26 07:52:25,3,53.84,88209,603.092468261718750,0.7381931543350219726562500
2020-07-26 07:52:28,3,55.23,87837,608.052246093750000,0.7521599531173706054687500
2020-07-26 07:52:31,3,56.44,87651,612.380981445312500,0.7645655274391174316406250
2020-07-26 07:52:34,3,57.91,87283,617.655151367187500,0.7799575924873352050781250
2020-07-26 07:52:37,3,58.82,87283,620.874572753906250,0.7895049452781677246093750
2020-07-26 07:52:40,3,60.43,86737,626.642517089843750,0.8069032430648803710937500
2020-07-26 07:52:43,3,61.22,86827,629.472229003906250,0.8155784606933593750000000
2020-07-26 07:52:46,3,62.40,86466,633.670349121093750,0.8286208510398864746093750
2020-07-26 07:52:49,3,64.19,85930,640.060485839843750,0.8488748073577880859375000
2020-07-26 07:52:52,3,65.86,85664,646.025512695312500,0.8682277798652648925781250
2020-07-26 07:52:55,3,66.90,85664,649.747558593750000,0.8805266022682189941406250
2020-07-26 07:52:58,3,68.61,85138,655.849853515625000,0.9010685682296752929687500
2020-07-26 07:53:01,3,69.49,85225,658.969604492187500,0.9117549657821655273437500
2020-07-26 07:53:04,3,70.53,84964,662.702758789062500,0.9247092008590698242187500
2020-07-26 07:53:07,3,71.87,84618,668.674682617187500,0.9415192604064941406250000
2020-07-26 07:53:10,3,73.06,84446,679.319396972656250,0.9567916989326477050781250
2020-07-26 07:53:13,3,73.61,84532,684.212768554687500,0.9638954997062683105468750
2020-07-26 07:53:16,3,75.35,83849,699.734191894531250,0.9867785573005676269531250
2020-07-26 07:53:19,3,76.48,83849,709.797668457031250,1.0019046068191528320312500
2020-07-26 07:53:22,3,77.73,83596,720.940551757812500,1.0189236402511596679687500
2020-07-26 07:53:25,3,78.89,83429,731.275268554687500,1.0349665880203247070312500
2020-07-26 07:53:28,3,79.97,83262,740.906982421875000,1.0501457452774047851562500
2020-07-26 07:53:31,3,81.52,82847,754.800964355468750,1.0724349021911621093750000
2020-07-26 07:53:34,3,82.20,83012,760.829101562500000,1.0822520256042480468750000
2020-07-26 07:53:37,3,83.49,82600,772.298583984375000,1.1011795997619628906250000
2020-07-26 07:53:40,3,83.80,82847,775.060729980468750,1.1057869195938110351562500
2020-07-26 07:53:43,3,84.84,82436,784.338256835937500,1.1214040517807006835937500
2020-07-26 07:53:46,3,86.02,82191,794.855590820312500,1.1393750905990600585937500
2020-07-26 07:53:49,3,87.48,81868,807.902709960937500,1.1620696783065795898437500
2020-07-26 07:53:52,3,88.27,81948,814.893920898437500,1.1744158267974853515625000
2020-07-26 07:53:55,3,89.46,81626,825.472290039062500,1.1933465003967285156250000
2020-07-26 07:53:58,3,90.24,81626,832.457946777343750,1.2060148715972900390625000
2020-07-26 07:54:01,3,90.74,81626,836.902954101562500,1.2141456604003906250000000
2020-07-26 07:54:04,3,91.74,81307,845.787353515625000,1.2305617332458496093750000
2020-07-26 07:54:07,3,92.40,81307,851.671630859375000,1.2415561676025390625000000
2020-07-26 07:54:10,3,91.95,81707,847.652832031250000,1.2340365648269653320312500
2020-07-26 07:54:13,3,94.19,80519,867.569458007812500,1.2717543840408325195312500
2020-07-26 07:54:16,3,95.68,80519,880.882202148437500,1.2976067066192626953125000
2020-07-26 07:54:19,3,96.18,80754,885.365905761718750,1.3064314126968383789062500
2020-07-26 07:54:22,3,97.84,80131,900.145568847656250,1.3359477519989013671875000
2020-07-26 07:54:25,3,99.28,79977,912.965698242187500,1.3620899915695190429687500
2020-07-26 07:54:28,3,99.06,80519,910.950866699218750,1.3579478263854980468750000
2020-07-26 07:54:31,3,100.74,79670,925.940856933593750,1.3890696763992309570312500
2020-07-26 07:54:34,3,101.70,79747,934.493103027343750,1.4071440696716308593750000
2020-07-26 07:54:37,3,103.18,79366,947.661987304687500,1.4354362487792968750000000
2020-07-26 07:54:40,3,104.00,79442,954.974365234375000,1.4513911008834838867187500
2020-07-26 07:54:43,3,104.37,79518,958.245788574218750,1.4585863351821899414062500
2020-07-26 07:54:46,3,105.10,79291,964.761047363281250,1.4730224609375000000000000
2020-07-26 07:54:49,3,106.59,78839,977.974182128906250,1.5027399063110351562500000
2020-07-26 07:54:52,3,107.44,78914,985.524597167968750,1.5199897289276123046875000
2020-07-26 07:54:55,3,108.65,78616,996.313171386718750,1.5449815988540649414062500
2020-07-26 07:54:58,3,109.81,78467,1006.642395019531250,1.5692943334579467773437500
2020-07-26 07:55:01,3,110.09,78690,1009.100097656250000,1.5751354694366455078125000
2020-07-26 07:55:04,3,110.60,78541,1013.666870117187500,1.5860465764999389648437500
2020-07-26 07:55:07,3,111.78,78172,1024.145507812500000,1.6113698482513427734375000
2020-07-26 07:55:10,3,112.59,78172,1031.358154296875000,1.6290346384048461914062500
2020-07-26 07:55:13,3,113.15,78172,1036.295898437500000,1.6412391662597656250000000
2020-07-26 07:55:16,3,112.52,78616,1030.682861328125000,1.6273726224899291992187500
2020-07-26 07:55:19,3,114.09,77733,1044.610107421875000,1.6619967222213745117187500
2020-07-26 07:55:22,3,115.33,77661,1055.653320312500000,1.6899739503860473632812500
2020-07-26 07:55:25,3,115.86,77806,1060.402709960937500,1.7021508216857910156250000
2020-07-26 07:55:28,3,115.26,78246,1054.972412109375000,1.6882355213165283203125000
2020-07-26 07:55:31,3,116.33,77588,1064.471313476562500,1.7126517295837402343750000
2020-07-26 07:55:34,3,117.25,77516,1072.702514648437500,1.7340946197509765625000000
2020-07-26 07:55:37,3,118.06,77444,1079.859863281250000,1.7529584169387817382812500
2020-07-26 07:55:40,3,117.66,77879,1076.306152343750000,1.7435667514801025390625000
2020-07-26 07:55:43,3,118.40,77444,1082.810302734375000,1.7607939243316650390625000
2020-07-26 07:55:46,3,119.42,77228,1091.949340820312500,1.7852882146835327148437500
2020-07-26 07:55:49,3,118.83,77806,1086.640869140625000,1.7710193395614624023437500
